id,name,model_id:id,group_id:id,perm_read,perm_write,perm_create,perm_unlink
access_market_intelligence_market_intelligence,market_intelligence.market_intelligence,model_market_intelligence_market_intelligence,base.group_user,1,1,1,1
access_market_intelligence_market_intelligence_line,market_intelligence.market_intelligence_line,model_market_intelligence_market_intelligence_line,base.group_user,1,1,1,1
access_market_intelligence_user,Market Intelligence: User,model_market_intelligence_market_intelligence,base.group_user,1,1,1,1
access_market_intelligence_company_manager,Market Intelligence: Company Manager,model_market_intelligence_market_intelligence,crm_lead_geolocation.group_company_manager,1,1,1,0
access_market_intelligence_line_user,Market Intelligence Lines: User,model_market_intelligence_market_intelligence_line,base.group_user,1,1,1,1
access_market_intelligence_line_company_manager,Market Intelligence Lines: Company Manager,model_market_intelligence_market_intelligence_line,crm_lead_geolocation.group_company_manager,1,1,1,0
