<odoo>
  <data>
<record id="market_intelligence_rule_company_manager" model="ir.rule">
    <field name="name">Company Manager: Records by company</field>
    <field name="model_id" ref="market_intelligence.model_market_intelligence_market_intelligence"/>
    <field name="groups" eval="[(4, ref('crm_lead_geolocation.group_company_manager'))]"/>
    <field name="domain_force">
        ['|',
            ('company_ids', 'in', user.company_ids.ids),
            ('company_ids', '=', False)
        ]
    </field>
</record>

  </data>
</odoo>
