<?xml version="1.0" encoding="UTF-8"?>
<templates xml:space="preserve">
    <t t-name="CommissionLineKanban">
        <div class="o_commission_line_kanban_safe bg-light p-3 m-2 rounded">
            <h6>Commission Line (Safe Mode)</h6>
            <div class="text-success">✅ Commission system is working!</div>
            <div t-if="record.data">
                <small>Name: <span t-esc="record.data.display_name || 'N/A'"/></small>
            </div>
            <div class="text-muted small mt-2">
                <i>Full functionality will be enabled gradually</i>
            </div>
        </div>
    </t>
</templates>