<odoo>
    <data noupdate="1">
       <!-- <record id="commission_worksheet_state_draft" model="commission_system.worksheet_state">
            <field name="state">draft</field>
            <field name="name">Draft</field>
            <field name="sequence">10</field>
        </record>
        <record id="commission_worksheet_status_confirmed" model="commission_system.worksheet_state">
            <field name="state">confirmed</field>
            <field name="name">Confirmed</field>
            <field name="sequence">20</field>
        </record>
        <record id="commission_worksheet_status_paid" model="commission_system.worksheet_state">
            <field name="state">paid</field>
            <field name="name">Paid</field>
            <field name="sequence">30</field>
        </record> -->
    </data>
</odoo>