<odoo>
    <record id="group_sales_location_manager" model="res.groups">
        <field name="name">Sales Location Manager</field>
    </record>


    <record id="group_mrp_location_restricted_user" model="res.groups">
        <field name="name">Manufacturing - Location Based View</field>
        <field name="category_id" ref="base.module_category_manufacturing"/>
        <field name="comment">Restricts Manufacturing Orders visibility based on user’s assigned production location.</field>
    </record>


    <record id="mrp_production_by_user_location" model="ir.rule">
        <field name="name">Manufacturing Orders by Production Location</field>
        <field name="model_id" ref="mrp.model_mrp_production"/>
        <field name="domain_force">
            ['|', ('location_id', '=', False), ('location_id', '=', user.production_location_id.id)]
        </field>
        <field name="groups" eval="[(4, ref('sale_mrp_location_tracking.group_mrp_location_restricted_user'))]"/>
    </record>

</odoo> 
