<?xml version="1.0" encoding="utf-8"?>
<odoo>
    <data noupdate="1">
        <!-- Telemarketer Specific Group -->
        <record id="group_telemarketer" model="res.groups">
            <field name="name">Telemarketer</field>
            <field name="category_id" ref="base.module_category_sales_crm"/>
            <field name="implied_ids" eval="[(4, ref('base.group_user'))]"/>
        </record>

        <!-- Enhanced permissions for telemarketers -->
        <record id="group_telemarketer_full" model="res.groups">
            <field name="name">Telemarketer - Full Access</field>
            <field name="category_id" ref="base.module_category_sales_crm"/>
            <field name="implied_ids" eval="[
                (4, ref('base.group_user')),
                (4, ref('sales_team.group_sale_salesman'))
            ]"/>
        </record>
    </data>
</odoo>