<?xml version="1.0" encoding="utf-8"?>
<odoo>
    <data noupdate="0">
        <!-- Sample Telemarketer User -->
        <record id="user_telemarketer_john" model="res.users">
            <field name="name">Melese Telemarketer</field>
            <field name="login">melese.telemarketer</field>
            <field name="password">telemarketer123</field>
            <field name="email">melese.telemarketer@oracle.com</field>
            <field name="groups_id" eval="[(6, 0, [
                ref('group_telemarketer_full'),
                ref('base.group_user')
            ])]"/>
            <field name="company_id" ref="base.main_company"/>
        </record>

        <!-- Sample Telemarketer User 2 -->
        <record id="user_telemarketer_sarah" model="res.users">
            <field name="name">Sarah Confirmer</field>
            <field name="login">sarah.confirmer</field>
            <field name="password">confirmer123</field>
            <field name="email">sarah.confirmer@oracle.com</field>
            <field name="groups_id" eval="[(6, 0, [
                ref('group_telemarketer_full'),
                ref('base.group_user')
            ])]"/>
            <field name="company_id" ref="base.main_company"/>
        </record>
    </data>
</odoo>