<odoo>
    <data noupdate="1">
        <record id="ir_cron_refresh_commission_report" model="ir.cron">
            <field name="name">Refresh Commission Report</field>
            <field name="model_id" ref="model_commission_system_report"/>
            <field name="state">code</field>
            <field name="code">model.init()</field>
            <field name="interval_number">1</field>
            <field name="interval_type">days</field>
            <field name="numbercall">-1</field>
            <field name="active" eval="True"/>
        </record>
    </data>
</odoo>
